Key,ETag,Article Citation,AccessionID,Last Updated UTC (YYYY-MM-DD HH:MM:SS),PMID,License,Retracted
deprecated/oa_comm/xml/all/PMC10001703.xml,aee58fb7603de552a789ab5fe5c6a682,Phys Med Biol. 2023 Mar 21; 68(6):065003,PMC10001703,2026-05-14 23:37:16,36780696,CC BY,no
deprecated/oa_comm/xml/all/PMC10004261.xml,3eac27eaeedb879223fc29f58fb0706d,Adv Drug Alcohol Res. 2022 Dec 5; 2:10831,PMC10004261,2026-04-22 23:42:22,36908580,CC BY,no
deprecated/oa_comm/xml/all/PMC10006208.xml,a7e3f444a489a1c20059a4d53b3d7030,NPJ Regen Med. 2023 Mar 10; 8:14,PMC10006208,2026-05-30 23:36:41,36899012,CC BY,no
deprecated/oa_comm/xml/all/PMC10006343.xml,6b6ceed911f24b6efced84fa19d08ec2,ACS Infect Dis. 2023 Feb 21; 9(3):706-715,PMC10006343,2026-04-22 23:41:46,36802491,CC BY,no
deprecated/oa_comm/xml/all/PMC10006348.xml,33e4f04bb8663a4440ed24daa168bab6,Org Lett. 2023 Feb 27; 25(9):1420-1424,PMC10006348,2026-04-22 23:41:46,36847432,CC BY,no
deprecated/oa_comm/xml/all/PMC10008452.xml,ae16a7aaa766db8e5aaa32367c67fd9b,J Child Psychol Psychiatry. 2023 Aug 12; 64(8):1149-1158,PMC10008452,2026-04-22 23:42:14,36094018,CC BY,no
deprecated/oa_comm/xml/all/PMC10009406.xml,4f1e512c5a6b516d58123ee3d5e3b312,Psychol Med.; 53(4):1448-1457,PMC10009406,2026-04-22 23:41:45,37010215,CC BY,no
deprecated/oa_comm/xml/all/PMC10009897.xml,3a2982d9da04b60495f2ae3e655211c5,Acad Emerg Med. 2023 Feb 3; 30(2):110-123,PMC10009897,2026-04-22 23:41:54,36527333,CC BY,no
deprecated/oa_comm/xml/all/PMC10010434.xml,4d4de7f7f0b360437752a689d1bbf30c,Phys Med Biol. 2023 Mar 21; 68(6):065005,PMC10010434,2026-05-14 23:37:13,36848681,CC BY,no
deprecated/oa_comm/xml/all/PMC10012127.xml,ad78a2f9e20c71f44cc09497d372cadb,Front Clin Diabetes Healthc. 2022 Sep 8; 3:945768,PMC10012127,2026-04-22 23:41:46,36935840,CC BY,no
deprecated/oa_comm/xml/all/PMC10016624.xml,716b6d96195337e8960d055d7eed6ae5,Front Ophthalmol (Lausanne). 2022 Aug 26; 2:989002,PMC10016624,2026-04-22 23:42:34,36926308,CC BY,no
deprecated/oa_comm/xml/all/PMC10018408.xml,ff5bd0ea6b2528ec667b147b28d510f7,Int J Low Extrem Wounds. 2025 Mar 7; 24(1):225-234,PMC10018408,2026-04-21 23:39:37,36069031,CC BY,no
deprecated/oa_comm/xml/all/PMC10018809.xml,2d6cd00c1700f17ab6e5b766d894aefc,Environ Mol Mutagen. 2022 Dec 28; 63(8-9):389-399,PMC10018809,2026-04-22 23:41:53,36323641,CC BY,no
deprecated/oa_comm/xml/all/PMC10019095.xml,a795bc9dc4e44a7af2c02f4fdfa11258,J Autism Dev Disord. 2023 Jun 7; 53(8):3257-3271,PMC10019095,2026-04-22 23:42:01,35672616,CC BY,no
deprecated/oa_comm/xml/all/PMC10019749.xml,ed7cdc0f58dd2193311792b0fe0ffb84,Autophagy Rep.; 2(1):11-16,PMC10019749,2026-04-21 23:39:51,36936397,CC BY,no
deprecated/oa_comm/xml/all/PMC10022448.xml,c3e4b084b45e9540b6b5565a187c8f60,Stat (Int Stat Inst). 2022 Dec 25; 11(1):e506,PMC10022448,2026-04-22 23:41:49,36937572,CC BY,no
deprecated/oa_comm/xml/all/PMC10023569.xml,0d911202cdc735351fa329ce0d7ca28a,Nat Struct Mol Biol. 2023 Feb 9; 30(3):383-390,PMC10023569,2026-04-22 23:41:46,36759579,CC BY,no
deprecated/oa_comm/xml/all/PMC10024646.xml,4401e0f0b5e337b5bb32f65d61c47afc,Psychol Med.; 53(12):5615-5624,PMC10024646,2026-04-22 23:42:05,36117279,CC BY,no
deprecated/oa_comm/xml/all/PMC10028181.xml,43ba9ef541c904884cfab08b0664ab9b,Front Microbiol. 2023 Mar 7; 14:1146065,PMC10028181,2026-05-15 23:35:51,36960294,CC BY,no
deprecated/oa_comm/xml/all/PMC10028612.xml,8c782e364932ba078c2351e59d4c640d,J Org Chem. 2023 Mar 6; 88(6):3678-3696,PMC10028612,2026-04-22 23:41:46,36877600,CC BY,no
deprecated/oa_comm/xml/all/PMC10029328.xml,0ba4a13f8a4bef1ef4b8b0cc4e08112e,Endocr Relat Cancer. 2023 Mar 8; 30(4):e220373,PMC10029328,2026-04-22 23:42:19,36748842,CC BY,no
deprecated/oa_comm/xml/all/PMC10031873.xml,ba94c69f10268214020896b57655824c,Adv Healthc Mater. 2022 Oct 5; 11(19):2200206,PMC10031873,2026-04-21 23:39:21,35882512,CC BY,no
deprecated/oa_comm/xml/all/PMC10032570.xml,5b13da053caadfeb76093574f2d08a3e,ACS Chem Neurosci. 2023 Jan 24; 14(3):418-434,PMC10032570,2026-04-22 23:41:46,36692197,CC BY,no
deprecated/oa_comm/xml/all/PMC10034748.xml,334f3e4f0591b12187672532c3802ab2,Phys Med Biol. 2023 Apr 7; 68(7):075008,PMC10034748,2026-05-14 23:37:12,36854193,CC BY,no
deprecated/oa_comm/xml/all/PMC10035078.xml,2cbf27115cd845504597d376f5d061f8,Autophagy Rep.; 1(1):57075-575,PMC10035078,2026-04-21 23:39:37,36969095,CC BY,no
deprecated/oa_comm/xml/all/PMC10036794.xml,d46efa19835445468036d719ed4e118d,Front Plant Sci. 2023 Mar 10; 14:1053869,PMC10036794,2026-05-05 23:36:30,36968428,CC BY,no
deprecated/oa_comm/xml/all/PMC10038015.xml,b2cf352657d8f696a11040d8bc8b1f02,JAMA Netw Open. 2023 Jan 24; 6(1):e2252381,PMC10038015,2026-04-22 23:42:03,36692880,CC BY,no
deprecated/oa_comm/xml/all/PMC10041926.xml,941504e67e3f129db7f27a008ccb00e2,Iowa Med J. 1856 Jan; 3(1):nil1,PMC10041926,2026-05-21 23:35:53,37677585,CC0,no
deprecated/oa_comm/xml/all/PMC10042531.xml,01158084a456cf221873c7278a80a1fa,eLife.; 12:e85345,PMC10042531,2026-05-01 23:36:33,36961129,CC BY,no
deprecated/oa_comm/xml/all/PMC10045463.xml,d9d0bd6c24ceb019254d06560a2ce967,Biomedicines. 2023 Mar 7; 11(3):815,PMC10045463,2026-05-06 23:36:21,36979794,CC BY,no
deprecated/oa_comm/xml/all/PMC10046998.xml,f144e8ef04e981bd24fe5cc31bf56abd,Cancers (Basel). 2023 Mar 22; 15(6):1902,PMC10046998,2026-05-01 23:36:33,36980789,CC BY,no
deprecated/oa_comm/xml/all/PMC10050220.xml,97b4f9e48821a1224f58919526ae237d,Br J Nutr.; 130(1):20-32,PMC10050220,2026-04-22 23:41:59,36172885,CC BY,no
deprecated/oa_comm/xml/all/PMC10052773.xml,21516594612dab76ed0000becaf9c619,Tuberculosis (Edinb). 2023 Mar 1; 139:102326,PMC10052773,2026-04-28 23:40:57,36863206,CC BY,no
deprecated/oa_comm/xml/all/PMC10056789.xml,615cc176ceee42369521486312305a10,J Pers Med. 2023 Mar 20; 13(3):555,PMC10056789,2026-04-15 23:36:29,36983736,CC BY,no
deprecated/oa_comm/xml/all/PMC10059080.xml,c9a8aadb0fdc60494cc691c01c40279a,Skin Res Technol. 2023 Mar 6; 29(3):e13247,PMC10059080,2026-04-22 23:43:04,36973991,CC BY,no
deprecated/oa_comm/xml/all/PMC10060441.xml,67278484aac78433001d515acd94ec7c,Psychol Med.; 53(12):5778-5785,PMC10060441,2026-04-22 23:42:05,36177889,CC BY,no
deprecated/oa_comm/xml/all/PMC10062206.xml,2e09373599866ea987bbfad423f84cbe,Front Microbiol. 2023 Mar 16; 14:1094071,PMC10062206,2026-05-27 23:35:52,37007475,CC BY,no
deprecated/oa_comm/xml/all/PMC10062436.xml,0e3b5f25b66865aa0a0fbbfd1056d0c9,Autophagy Rep.; 1(1):21033-213,PMC10062436,2026-04-21 23:39:37,37009490,CC BY,no
deprecated/oa_comm/xml/all/PMC10062617.xml,30e9a4174d72f6267095f408f7ab0853,PLoS One. 2023 Mar 30; 18(3):e0283888,PMC10062617,2026-05-05 23:36:34,36996255,CC BY,no
deprecated/oa_comm/xml/all/PMC10068438.xml,f5d2b0816ddf39138d50b9500fecdc79,Cancer Epidemiol Biomarkers Prev. 2023 Apr 3; 32(4):487-495,PMC10068438,2026-04-22 23:42:59,36791345,CC BY,no
deprecated/oa_comm/xml/all/PMC10070245.xml,f0031658e77264c0e96bb9571cfc1da9,Sci Rep. 2023 Apr 3; 13:5418,PMC10070245,2026-05-02 23:36:20,37012284,CC BY,no
deprecated/oa_comm/xml/all/PMC10074861.xml,c645cc071c4efb214f0027c1ae71ec0e,J Magn Reson Imaging. 2023 Feb 27; 57(2):370-386,PMC10074861,2026-04-22 23:41:51,36165348,CC BY,no
deprecated/oa_comm/xml/all/PMC10076263.xml,0a5d02b975cdfc436b75ad173206c15e,Cell Death Discov. 2023 Apr 5; 9:114,PMC10076263,2026-04-25 23:35:33,37019900,CC BY,no
deprecated/oa_comm/xml/all/PMC10078487.xml,062a2d61f39c30210def74f3f2bcbcfc,Int J Older People Nurs. 2023 Jan 12; 18(1):e12490,PMC10078487,2026-04-22 23:41:48,35818900,CC BY,no
deprecated/oa_comm/xml/all/PMC10078619.xml,35a42176cc63e5cd45775573b4534557,Autophagy Rep.; 2(1):2178996,PMC10078619,2026-04-21 23:39:53,37034386,CC BY,no
deprecated/oa_comm/xml/all/PMC10081529.xml,dece1033910a80c28bb36f28f9149e45,Med Genet.; 34(4):275-286,PMC10081529,2026-04-22 23:42:29,37034418,CC BY,no
deprecated/oa_comm/xml/all/PMC10085577.xml,ed3ee2a7524d21520f1a9932703be4c5,BME Front.; 2021:9823268,PMC10085577,2026-04-22 23:42:13,37041754,CC BY,no
deprecated/oa_comm/xml/all/PMC10087494.xml,97ce82c3795e5e5feda740134b7bf65c,Phys Med Biol. 2023 Feb 21; 68(4):045005,PMC10087494,2026-05-20 23:35:44,36638543,CC BY,no
deprecated/oa_comm/xml/all/PMC10088454.xml,7d71c153f23d9bd06938fa6ff4acd69f,Curr Protoc. 2023 Apr 4; 3(4):e731,PMC10088454,2026-04-22 23:42:26,37014762,CC BY,no
deprecated/oa_comm/xml/all/PMC10090056.xml,8afe5b29390de8ec6430b1dbe5267e8a,Sci Rep. 2023 Apr 11; 13:5889,PMC10090056,2026-05-08 23:36:25,37041312,CC BY,no
deprecated/oa_comm/xml/all/PMC10094865.xml,8e8d3cf01fcfe2c04b485387dc567cd2,Int J Mol Sci. 2023 Mar 29; 24(7):6401,PMC10094865,2026-04-29 23:35:46,37047374,CC BY,no
deprecated/oa_comm/xml/all/PMC10096093.xml,9bd96df76414a5f6668bbbbbdfb201ab,Paediatr Perinat Epidemiol. 2023 Feb 9; 37(2):165-178,PMC10096093,2026-04-22 23:41:54,36756808,CC BY,no
deprecated/oa_comm/xml/all/PMC10097830.xml,89c19dd83c6983dfc9dc28764c63b4a6,Neurorehabil Neural Repair. 2023 Jun 13; 37(6):367-373,PMC10097830,2026-04-22 23:42:01,36226541,CC BY,no
deprecated/oa_comm/xml/all/PMC10099091.xml,e0531272d79bfd458a931c3bbfb641b2,Phys Med Biol. 2023 May 7; 68(9):095003,PMC10099091,2026-05-20 23:35:44,36958049,CC BY,no
deprecated/oa_comm/xml/all/PMC10101321.xml,cfe637a3f85f064e4c139dd9ce6154cd,Autophagy Rep.; 2(1):2166722,PMC10101321,2026-04-21 23:39:53,37064812,CC BY,no
deprecated/oa_comm/xml/all/PMC10101859.xml,806423b1696b9345c3b656000e4d5a66,Autism. 2023 May 24; 27(4):1157-1162,PMC10101859,2026-04-22 23:41:55,36840323,CC BY,no
deprecated/oa_comm/xml/all/PMC10102842.xml,e887c20c37660c2adf0e578d33b93dbe,Clin Cancer Res. 2023 Apr 14; 29(8):1631-1642,PMC10102842,2026-04-22 23:42:59,36689546,CC BY,no
deprecated/oa_comm/xml/all/PMC10104450.xml,e1283786ee44e573ea263f9094b5bb60,Autophagy Rep.; 2(1):2149211,PMC10104450,2026-04-21 23:39:51,37064813,CC BY,no
deprecated/oa_comm/xml/all/PMC10104963.xml,17220a42dbd4217eed772ab1d50b9707,J Aging Health. 2023 Jun 15; 35(5-6):356-369,PMC10104963,2026-04-22 23:41:56,36245236,CC BY,no
deprecated/oa_comm/xml/all/PMC10106088.xml,3db2cc88c35f8cd6e91090f16fac98a4,Immunohorizons. 2023 Jan 19; 7(1):125-139,PMC10106088,2026-04-22 23:42:14,36656137,CC BY,no
deprecated/oa_comm/xml/all/PMC10106305.xml,2798f2f5108e61248a113fd43db886ff,Psychol Med.; 53(5):2041-2049,PMC10106305,2026-04-22 23:41:54,37310333,CC BY,no
deprecated/oa_comm/xml/all/PMC10108073.xml,a6e79527826c415a18214ac1ed716cee,FASEB J. 2023 Mar 3; 37(3):e22777,PMC10108073,2026-04-22 23:41:55,36734881,CC BY,no
deprecated/oa_comm/xml/all/PMC10108361.xml,ffe69a60957a0cc440859fc74ea0de10,Phys Med Biol. 2023 May 7; 68(9):095004,PMC10108361,2026-05-14 23:37:16,36996842,CC BY,no
deprecated/oa_comm/xml/all/PMC10111852.xml,fe0c65e04cddeb51a4841d43dd94f26d,Infect Control Hosp Epidemiol.; 44(6):968-970,PMC10111852,2026-04-22 23:41:59,35801814,CC BY,no
deprecated/oa_comm/xml/all/PMC10111877.xml,f2eb264c6b265e344b2f4ca1cb392a20,Physiol Meas. 2023 Apr 1; 44(4):044002,PMC10111877,2026-05-14 23:37:14,36963114,CC BY,no
deprecated/oa_comm/xml/all/PMC10115654.xml,253ba06c07760af68a844321e269f115,Nature. 2023 Apr 5; 616(7957):581-589,PMC10115654,2026-04-22 23:42:34,37020023,CC BY,no
deprecated/oa_comm/xml/all/PMC10117102.xml,493670dd6fec0b27b6e05f71070a5948,Proteoglycan Res. 2023 Jan 1; 1(1):e1,PMC10117102,2026-04-22 23:42:21,37091070,CC BY,no
deprecated/oa_comm/xml/all/PMC10118105.xml,65d2c7942a0421e7c76c79c4edfc07fa,PLoS One. 2023 Apr 20; 18(4):e0282435,PMC10118105,2026-04-09 23:36:47,37079561,CC BY,no
deprecated/oa_comm/xml/all/PMC10119268.xml,4a2085f9762ce673162104220db00648,Neurochem Res. 2023 Jan 31; 48(6):1864-1888,PMC10119268,2026-05-28 23:36:51,36719560,CC BY,no
deprecated/oa_comm/xml/all/PMC10120399.xml,4eef28f01822ccb8e5b55903040c90f5,Psychol Med.; 53(13):6027-6036,PMC10120399,2026-04-22 23:42:13,36268877,CC BY,no
deprecated/oa_comm/xml/all/PMC10122431.xml,29e33c4d3ad33510a4a679ecb75050ba,Immunohorizons. 2023 Mar 23; 7(3):235-242,PMC10122431,2026-04-22 23:42:15,36951874,CC BY,no
deprecated/oa_comm/xml/all/PMC10123833.xml,f67df1d69cddfcb9870fc04ecda270a7,Psychol Med.; 53(6):2296-2306,PMC10123833,2026-04-22 23:41:55,37310313,CC BY,no
deprecated/oa_comm/xml/all/PMC10123961.xml,5f02be2dcdd1bbb9b26715b4f93db181,Int J Prison Health. 2023 Feb 13; 19(1):4-19,PMC10123961,2026-04-22 23:42:03,36757114,CC BY,no
deprecated/oa_comm/xml/all/PMC10126383.xml,93f5065dfa65e195a86abfc81e7345ec,Phys Med Biol. 2023 May 7; 68(9):095011,PMC10126383,2026-05-14 23:37:08,37019119,CC BY,no
deprecated/oa_comm/xml/all/PMC10130817.xml,dbe0d934a7f2993a76e9c6ac1238ba8f,Sci Rep. 2023 Apr 26; 13:6792,PMC10130817,2026-05-05 23:36:19,37100889,CC BY,no
deprecated/oa_comm/xml/all/PMC10137904.xml,5109b7138aa13addc5fd4ad217872089,Front Syst Biol. 2023 Apr 12; 3:1092341,PMC10137904,2026-04-21 23:40:08,37122388,CC BY,no
deprecated/oa_comm/xml/all/PMC10140349.xml,9ef7bca08aa95cc787c4895508922357,Front Oncol. 2023 Apr 14; 13:1112576,PMC10140349,2026-05-08 23:36:28,37124494,CC BY,no
deprecated/oa_comm/xml/all/PMC10145026.xml,0a36d973c62f62b28a1bb4564e6dd4ce,J Neurol Neurosurg Psychiatry. 2023 May 15; 94(5):403-405,PMC10145026,2026-04-22 23:41:57,36522155,CC BY,no
deprecated/oa_comm/xml/all/PMC10148893.xml,fe6133bb59de1a8749227d32c83a8a66,J Physiol. 2023 May 1; 601(9):1521-1542,PMC10148893,2026-04-22 23:41:59,36314992,CC BY,no
deprecated/oa_comm/xml/all/PMC10148897.xml,6f24d365d35c15d496d57d85bd7addfe,Exp Physiol. 2023 Mar 27; 108(5):659-660,PMC10148897,2026-04-22 23:42:28,36970942,CC BY,no
deprecated/oa_comm/xml/all/PMC10148902.xml,e08f558a1b62d02ffda46408d407d3af,Exp Physiol. 2023 Mar 23; 108(5):692-705,PMC10148902,2026-04-22 23:42:28,36951536,CC BY,no
deprecated/oa_comm/xml/all/PMC10148951.xml,7e3b3da6d96edcdb46b38cde4cfd49b9,Nat Aging. 2023 Feb 9; 3(3):248-257,PMC10148951,2026-04-22 23:41:57,37118425,CC BY,no
deprecated/oa_comm/xml/all/PMC10149552.xml,5a150474921d4f304fd64efce928830b,Mult Scler. 2023 Apr 8; 29(4-5):505-511,PMC10149552,2026-04-21 23:39:54,36755464,CC BY,no
deprecated/oa_comm/xml/all/PMC10150243.xml,e90ea13d89b1c40220dd4eb4a8e5ba5b,Cancer Epidemiol Biomarkers Prev. 2023 May 1; 32(5):588-596,PMC10150243,2026-04-22 23:43:00,36867865,CC BY,no
deprecated/oa_comm/xml/all/PMC10150245.xml,91395e91478ffd725691deaec194ad1c,Cancer Epidemiol Biomarkers Prev. 2023 May 1; 32(5):597-605,PMC10150245,2026-04-22 23:42:59,36867866,CC BY,no
deprecated/oa_comm/xml/all/PMC10151439.xml,8ff74c9f549c017a58c7f5bfc5ce052b,J Aging Health. 2022 Nov 2; 35(7-8):543-555,PMC10151439,2026-04-22 23:43:05,36321864,CC BY,no
deprecated/oa_comm/xml/all/PMC10152493.xml,5d2123853c614637bcf826f382114eea,J Child Psychol Psychiatry. 2023 May 21; 64(5):797-806,PMC10152493,2026-04-22 23:42:02,36541428,CC BY,no
deprecated/oa_comm/xml/all/PMC10154193.xml,6644101d8c4baead8df75a4a53d80474,Nat Aging. 2022 Feb 21; 2(3):264-271,PMC10154193,2026-04-22 23:41:56,37118370,CC BY,no
deprecated/oa_comm/xml/all/PMC10154214.xml,d5cb545bfb3ee643833ed14d3ca6c2a6,Nat Aging. 2023 Feb 20; 3(3):275-296,PMC10154214,2026-04-22 23:41:56,37118426,CC BY,no
deprecated/oa_comm/xml/all/PMC10154222.xml,0e229176e838cc639baf8f36516ac2e4,Nat Chem Biol. 2023 Jan 30; 19(5):641-650,PMC10154222,2026-04-22 23:41:56,36717711,CC BY,no
deprecated/oa_comm/xml/all/PMC10156871.xml,9afd52f8bf2a146eb26f95b8996811e1,Public Health Nutr.; 26(2):496-502,PMC10156871,2026-04-15 23:36:24,36329644,CC BY,no
deprecated/oa_comm/xml/all/PMC10157365.xml,b47720b839353e2c656151b177cbe020,Mol Cancer Ther. 2023 May 4; 22(5):583-598,PMC10157365,2026-04-22 23:43:01,36752780,CC BY,no
deprecated/oa_comm/xml/all/PMC10160738.xml,89521c0c0763ee04618c471cc9e125d1,Phys Med Biol. 2023 May 21; 68(10):105006,PMC10160738,2026-05-14 23:37:13,36996837,CC BY,no
deprecated/oa_comm/xml/all/PMC10160739.xml,68f87a293586200be5527e2bc234d9d9,Phys Med Biol. 2023 May 21; 68(10):105004,PMC10160739,2026-05-14 23:37:16,37015231,CC BY,no
deprecated/oa_comm/xml/all/PMC10163240.xml,aeebddd31d53e87e2c52958d551853e3,Sci Rep. 2023 May 5; 13:7373,PMC10163240,2026-05-04 23:36:25,37147337,CC BY,no
deprecated/oa_comm/xml/all/PMC10164442.xml,0a53d124e00cb058c1738d0a12479090,Npj Ment Health Res. 2023 Apr 18; 2:5,PMC10164442,2026-04-22 23:42:27,37159797,CC BY,no
deprecated/oa_comm/xml/all/PMC10172390.xml,8a01b83b4d9d32e2daf09fc4402f7a92,Public Health Nutr.; 26(2):476-487,PMC10172390,2026-04-15 23:39:11,36357340,CC BY,no
deprecated/oa_comm/xml/all/PMC10175208.xml,44c96359f35ffc823169f63b55171f2c,Acta Neuropathol. 2023 Apr 22; 145(6):847-850,PMC10175208,2026-04-22 23:41:57,37086326,CC BY,no
deprecated/oa_comm/xml/all/PMC10180026.xml,bcbf58fc8f701cd0477b9913da90e360,Cardiol Plus. 2023 Apr 4 Jan-Mar; 8(1):18-26,PMC10180026,2026-04-22 23:41:57,37187809,CC BY-SA,no
